shot_id,shot_made_flag
1,0.4
8,0.5
17,0.75118727491
20,0.75118727491
33,0.3
34,0.525
35,0.0
36,0.6
37,0.7
38,0.1
45,0.36
50,0.4
55,0.1
60,0.5
66,0.3
67,0.4
71,0.666666666667
80,0.4
85,0.2
86,0.8
95,0.6
104,0.5
113,0.0
123,0.0
126,0.6
133,0.769167317969
141,0.1
144,0.3
150,0.75118727491
152,0.8
153,0.75118727491
156,0.353348919394
159,0.769167317969
165,0.739787734972
172,0.525
182,0.769167317969
192,0.32
193,0.75118727491
196,0.1
202,0.2
210,0.3
211,0.0
228,0.972742410565
257,0.683333333333
260,0.683333333333
264,0.2
267,0.5
279,0.769167317969
282,0.166666666667
293,0.8
299,0.6
300,0.5
301,0.7
317,0.128571428571
327,0.5
328,0.15
335,0.350936514143
346,0.658333333333
348,0.5
365,0.4
390,0.75118727491
391,0.75118727491
392,0.9
397,0.2
418,0.5
428,0.6
434,0.7
439,0.350936514143
440,0.1
456,0.5
459,0.6
472,0.583333333333
480,0.0
491,0.3
497,0.9
509,0.0
511,0.4
523,0.3
533,0.35
544,0.350936514143
546,0.5
555,0.75118727491
558,0.6
560,0.6
573,0.183333333333
591,0.3
596,0.4
597,0.766666666667
601,0.4
605,0.4
617,0.0
628,0.2
634,0.0
646,0.4
649,0.485714285714
651,0.75118727491
654,0.739787734972
656,0.350936514143
657,0.7
669,0.7
670,0.769167317969
693,1.0
694,0.8
699,0.0
711,0.0
718,0.4
722,0.1
723,0.7
725,0.9
734,0.0
735,0.350936514143
737,0.8
746,0.0
747,0.1
766,0.1
767,0.0
771,0.1
773,0.2
774,0.2
783,0.0
784,0.1
789,0.4
792,0.5
804,0.533333333333
809,0.0
812,0.1
813,0.9
817,0.9
820,0.05
825,0.7
826,0.9
829,0.5
855,0.0
859,0.75118727491
862,0.333333333333
870,0.0
876,0.0
880,0.3
886,0.983761062691
889,0.9
891,0.350936514143
897,0.983761062691
902,0.0
903,0.3
908,0.0
909,0.15
920,0.0833333333333
922,0.7
924,0.2
932,0.23
934,0.0
937,0.875
941,0.8
943,0.0
950,0.6
952,0.3
954,0.769167317969
963,0.0
975,0.7
979,0.0
981,0.4
983,0.4
985,0.2
989,0.7
995,0.55
998,0.350936514143
1008,0.3
1019,0.6933958272
1023,0.4
1026,0.5
1029,0.4
1034,1.0
1036,0.6
1038,0.85
1039,0.8
1051,0.353348919394
1052,0.0
1066,0.0
1087,0.0
1092,0.725
1094,0.8
1098,1.0
1099,0.0
1102,0.4
1118,0.2
1131,0.2
1133,0.75118727491
1135,0.769167317969
1138,0.350936514143
1139,0.739787734972
1142,0.5
1151,0.0
1152,0.9
1155,0.3
1165,0.5
1167,1.0
1172,0.75
1174,1.0
1180,0.350936514143
1200,0.2
1202,0.366666666667
1227,0.4
1228,0.6
1229,0.3
1237,0.350936514143
1241,0.0
1256,0.8
1279,0.0
1293,0.350936514143
1295,0.6
1319,0.75118727491
1320,0.7
1321,0.833333333333
1322,0.5
1334,0.2
1351,0.713916368291
1373,0.5
1375,0.0
1380,1.0
1382,0.8
1385,0.353348919394
1399,0.3
1403,0.769167317969
1428,0.1
1434,0.3
1444,0.769167317969
1448,0.6
1466,0.6
1476,0.8
1478,0.1
1485,0.7
1491,0.75118727491
1494,0.9
1500,0.350936514143
1501,0.5
1503,0.466666666667
1519,0.769167317969
1524,0.4
1529,0.9
1533,0.713916368291
1538,0.983761062691
1539,0.3
1546,0.350936514143
1555,0.5
1559,0.2
1563,0.9
1565,0.75118727491
1574,0.2
1591,0.65
1594,0.6
1605,0.2
1611,0.566666666667
1614,0.4
1620,0.5
1626,0.2
1630,0.7
1632,0.1
1634,0.6
1643,0.0
1651,0.1
1655,0.766666666667
1658,0.1
1659,0.8
1665,0.5
1675,0.9
1680,0.739787734972
1690,0.1
1696,0.5
1714,0.0
1721,0.4
1726,0.2
1728,0.0
1734,0.1
1735,0.2
1740,0.7
1744,0.9
1747,0.8
1752,0.2
1763,0.75118727491
1765,0.75118727491
1769,0.1
1785,0.5
1787,0.9
1788,0.350936514143
1793,0.4
1800,0.7
1825,0.4
1826,0.75118727491
1834,0.0
1843,0.233333333333
1844,0.458333333333
1848,0.35
1849,0.350936514143
1860,0.350936514143
1863,0.350936514143
1875,0.3
1883,0.6
1890,0.5
1892,0.3
1893,0.2
1897,0.6
1905,0.8
1908,0.7
1931,0.0
1940,0.739787734972
1943,0.15
1947,0.3
1965,0.7
1967,0.558333333333
1968,0.2
1972,0.75118727491
1982,0.9
1985,0.5
2005,0.8
2010,0.7
2021,0.0
2024,0.8
2036,0.1
2043,0.9
2047,0.0
2049,1.0
2055,0.351666666667
2065,0.4
2066,0.2
2070,0.625
2077,0.769167317969
2085,0.9
2095,0.3
2097,0.769167317969
2108,0.350936514143
2112,1.0
2113,0.85
2122,0.1
2139,0.3
2144,0.3
2146,0.1
2148,0.9
2149,0.713916368291
2157,0.4
2159,0.3
2168,0.2
2176,0.350936514143
2178,0.769167317969
2181,0.0
2187,1.0
2188,0.5
2190,0.1
2194,0.350936514143
2197,0.0
2214,0.0
2217,0.0
2222,0.1
2223,0.183333333333
2226,0.2
2230,0.713916368291
2240,0.353348919394
2247,0.6
2250,0.6
2259,0.1
2262,0.2
2266,1.0
2305,0.0833333333333
2310,0.1
2313,0.350936514143
2319,0.9
2320,0.9
2345,0.3
2350,0.769167317969
2356,0.316666666667
2360,0.6
2370,0.2
2386,0.7
2398,0.65
2414,0.75118727491
2435,0.75118727491
2439,0.353348919394
2446,0.75118727491
2458,0.65
2465,0.2
2466,0.3
2470,0.9
2495,0.75118727491
2501,0.1
2507,0.2
2533,0.0
2537,0.6
2538,0.3
2541,0.3
2542,0.75118727491
2544,0.8
2554,0.0
2555,0.2
2565,0.672359172596
2575,0.8
2586,0.350936514143
2588,0.783333333333
2594,0.769167317969
2617,0.350936514143
2618,0.7
2623,0.983761062691
2631,0.350936514143
2640,0.0
2642,0.75118727491
2647,0.6
2663,0.3
2664,0.0
2676,0.8
2680,0.972742410565
2681,0.3
2691,0.3
2693,0.6
2695,0.350936514143
2704,0.25
2708,0.1
2709,0.972742410565
2717,0.75118727491
2722,0.391666666667
2728,0.4
2732,0.75118727491
2743,0.0
2752,0.5
2757,0.75118727491
2761,0.350936514143
2769,0.3
2771,0.350936514143
2774,0.5
2776,0.7
2781,0.1
2793,0.4
2799,0.7
2803,0.5
2811,0.7
2818,0.0
2824,0.5
2828,0.75118727491
2829,0.2
2830,0.4
2842,0.75118727491
2847,0.713916368291
2848,0.2
2868,0.2
2870,0.2
2885,0.9
2886,0.925
2889,0.3
2903,0.3
2904,0.75118727491
2918,0.7
2919,0.1
2922,0.241666666667
2923,0.0
2931,0.35
2945,0.9
2955,0.2
2957,0.769167317969
2960,0.75118727491
2963,0.6
2966,0.739787734972
2972,1.0
2974,0.1
2982,0.9
2984,1.0
3016,0.350936514143
3021,0.2
3023,0.739787734972
3025,0.2
3029,0.133333333333
3034,0.75118727491
3038,0.4
3040,0.85
3051,0.7
3062,0.5
3069,0.1
3071,0.125
3076,0.769167317969
3079,0.0
3081,0.0
3082,0.0
3084,1.0
3098,0.15
3104,0.2
3105,0.3
3114,0.75118727491
3118,0.6
3122,0.4
3132,0.1
3138,0.0
3141,0.350936514143
3156,0.769167317969
3162,0.75118727491
3167,0.1
3170,0.3
3171,0.0
3172,0.1
3176,0.983761062691
3180,0.6
3189,0.6
3198,0.0
3206,0.2
3215,0.0
3222,0.932492348687
3228,0.0
3229,0.8
3232,0.25
3233,0.0
3238,0.0
3256,0.5
3264,0.4
3273,0.0
3275,0.7
3285,0.4
3289,0.0
3294,0.9
3306,0.5
3311,0.75118727491
3318,0.0
3322,0.7
3324,0.4
3334,0.8
3341,0.0
3345,0.0
3346,0.769167317969
3352,0.1
3368,1.0
3371,0.2
3372,0.5
3375,0.425
3384,0.2
3387,0.2
3393,0.2
3406,0.9
3411,0.8
3412,0.8
3414,0.2
3417,0.8
3420,0.75118727491
3423,0.75118727491
3436,0.0
3438,0.713916368291
3442,0.0
3443,0.0
3451,0.1
3461,0.5
3489,0.2
3491,0.3
3510,0.8
3515,0.3
3527,0.6
3530,0.350936514143
3540,0.6
3582,0.3
3604,0.350936514143
3605,0.0
3609,0.791666666667
3624,0.0
3628,0.75118727491
3630,0.4
3641,0.2
3642,0.3
3648,0.0
3650,0.983761062691
3652,0.972742410565
3660,0.1
3664,0.0
3670,0.0
3672,0.5
3680,0.350936514143
3682,0.983761062691
3685,0.6
3686,0.0
3689,0.133333333333
3705,0.0
3712,0.2
3713,0.1
3719,0.0
3721,0.1
3723,1.0
3724,0.2
3727,0.5
3733,0.4
3734,0.3
3742,0.3
3770,0.1
3777,0.605
3778,0.1
3780,0.6
3783,0.1
3784,0.2
3788,0.0
3790,0.1
3794,0.1
3795,0.2
3796,0.55
3801,1.0
3806,0.1
3813,0.4
3814,0.2
3818,0.769167317969
3824,0.5
3836,0.1
3853,0.3
3855,0.2
3858,0.350936514143
3861,0.75118727491
3866,0.1
3870,0.3
3874,0.983761062691
3876,0.8
3878,0.0
3890,0.8
3900,0.769167317969
3904,0.325
3906,0.5
3907,0.1
3908,0.6
3912,0.350936514143
3918,0.972742410565
3923,0.972742410565
3924,0.2
3925,0.350936514143
3927,0.7
3955,0.972742410565
3964,0.350936514143
3969,0.350936514143
3974,0.75118727491
3976,0.350936514143
3984,0.1
3991,0.191666666667
3993,0.983761062691
4009,0.8
4011,0.0
4020,0.1
4033,0.5
4041,0.3
4045,0.739787734972
4052,0.350936514143
4055,0.3
4056,0.4
4057,0.388333333333
4067,0.983761062691
4069,0.4
4077,0.8
4094,0.3
4095,0.4
4100,0.4
4119,0.3
4130,0.3
4131,0.0
4132,0.8
4134,0.2
4137,0.8
4138,0.386666666667
4143,0.8
4145,0.1
4148,0.0
4163,0.183333333333
4166,0.5
4169,0.75118727491
4170,0.2
4174,0.350936514143
4180,0.4
4199,0.983761062691
4201,0.0
4203,0.0
4210,0.1
4211,0.3
4213,0.972742410565
4225,0.8
4235,0.2
4242,0.3
4245,0.5
4250,0.116666666667
4252,0.4
4254,0.350936514143
4263,0.350936514143
4264,0.350936514143
4268,0.2
4270,0.133333333333
4282,0.75118727491
4283,0.35
4291,0.291666666667
4304,0.833333333333
4306,0.8
4309,0.3
4310,0.3
4313,0.1
4314,0.0
4315,0.0833333333333
4321,0.9
4324,0.3
4325,0.8
4328,0.0
4329,0.3
4332,0.1
4337,0.558333333333
4342,0.0
4344,0.3
4352,0.7
4355,0.4
4366,0.2
4371,0.4
4372,0.5
4376,0.2
4384,0.2
4387,0.3
4389,0.68
4390,0.5
4406,0.55
4407,0.85182159551
4409,0.983761062691
4410,0.75118727491
4424,0.733333333333
4434,0.0
4452,0.353348919394
4460,0.605
4470,0.769167317969
4480,0.3
4496,0.972742410565
4503,0.4
4512,0.1
4518,0.769167317969
4519,0.4
4522,0.4
4525,0.3
4537,0.3
4546,0.4
4547,0.972742410565
4553,0.9
4556,0.4
4558,0.8
4563,0.7
4568,0.2
4574,0.75118727491
4578,0.0
4587,0.656666666667
4592,0.7
4610,0.4
4615,0.353348919394
4619,0.0
4620,0.4
4625,0.7
4635,0.658333333333
4636,0.877857142857
4641,0.44
4650,0.7
4653,0.739787734972
4665,0.4
4668,0.769167317969
4669,0.0
4670,0.0
4674,0.25
4675,0.1
4676,0.350936514143
4679,0.3
4680,0.769167317969
4686,0.0
4699,0.9
4713,0.769167317969
4718,0.3
4721,0.6
4722,0.1
4724,0.0
4730,1.0
4731,0.1
4735,0.15
4743,0.556666666667
4745,0.0
4746,0.7
4747,0.2
4748,0.5
4769,0.6
4771,0.496666666667
4774,0.6
4784,0.8
4797,0.2
4801,0.833333333333
4804,0.05
4820,0.5
4833,0.0
4834,0.8
4851,0.0
4859,0.1
4860,0.972742410565
4863,0.4
4873,0.941666666667
4881,0.1
4892,0.533333333333
4908,0.350936514143
4911,0.4
4915,0.0
4922,0.7
4929,0.350936514143
4936,0.0
4939,0.7
4951,0.1
4956,0.0
4961,0.358333333333
4964,0.0
4981,0.5
4991,0.972742410565
4992,0.0
4997,0.5
5004,0.425
5010,0.433333333333
5012,0.4
5015,0.1
5020,0.716666666667
5030,0.1
5051,0.983761062691
5052,0.350936514143
5057,0.769167317969
5058,0.350936514143
5060,0.1
5061,0.7
5064,0.350936514143
5078,0.1
5080,0.4
5088,0.0
5089,0.6
5090,0.7
5103,0.7
5108,0.2
5114,0.2
5115,0.4
5124,0.528571428571
5137,0.350936514143
5139,0.1
5144,0.1
5149,0.85182159551
5157,0.3
5163,0.3
5174,0.1
5176,0.350936514143
5179,0.2
5186,0.350936514143
5203,1.0
5204,0.75118727491
5206,0.25
5207,0.5
5220,0.2
5221,0.75118727491
5224,0.7
5227,0.1
5229,0.0
5232,0.739787734972
5240,0.713916368291
5242,0.6
5243,0.838333333333
5245,1.0
5248,0.350936514143
5249,0.4
5254,0.2
5269,0.0
5272,0.0
5276,0.0
5286,0.75118727491
5290,0.1
5308,0.350936514143
5316,0.3
5318,0.350936514143
5319,0.0
5320,0.6
5322,0.0
5324,0.508333333333
5331,0.8
5336,0.983761062691
5344,0.350936514143
5354,0.4
5356,0.0
5358,0.15
5361,0.3
5365,0.713916368291
5370,0.2
5376,0.2
5383,0.6
5384,0.4
5385,0.2
5393,0.75118727491
5397,0.1
5398,0.1
5402,0.4
5407,0.8
5409,0.2
5425,0.350936514143
5428,0.713916368291
5430,0.7
5442,0.2
5447,0.350936514143
5470,1.0
5485,0.2
5493,0.6
5502,0.6
5504,0.4
5517,0.3
5522,0.4
5527,0.75118727491
5528,0.25
5536,0.3
5545,0.7
5576,0.0
5577,0.0
5592,0.0
5594,0.5
5595,0.8
5596,0.5
5599,0.85
5606,0.350936514143
5617,0.48
5625,1.0
5626,0.1
5627,0.769167317969
5642,0.6933958272
5659,0.972742410565
5664,0.769167317969
5666,1.0
5671,0.6
5674,0.2
5677,0.0
5681,0.433333333333
5683,0.1
5700,0.350936514143
5713,0.350936514143
5715,0.350936514143
5718,0.3
5726,0.8
5738,0.1
5741,0.8
5743,0.8
5753,0.350936514143
5761,0.6
5789,0.5
5797,0.8
5803,0.7
5810,0.350936514143
5813,0.3
5817,0.2
5818,0.9
5822,0.0
5829,0.3
5846,0.353348919394
5847,0.0
5854,0.5
5858,0.350936514143
5863,0.5
5869,0.7
5870,0.6
5876,0.5
5881,0.2
5901,0.7
5922,0.8
5928,0.75118727491
5933,0.350936514143
5934,0.75118727491
5946,0.1
5951,0.2
5955,0.8
5956,0.769167317969
5965,0.1
5972,0.6
5981,0.0666666666667
5997,0.350936514143
6005,0.13
6009,0.1
6010,0.725
6015,0.333333333333
6039,0.1
6047,0.6933958272
6051,0.0
6056,0.05
6061,0.7
6064,0.1
6065,0.26
6070,0.8
6085,0.75118727491
6086,0.3
6091,0.75118727491
6097,0.0
6099,0.350936514143
6104,0.75118727491
6108,0.350936514143
6109,0.350936514143
6124,0.4
6142,0.75118727491
6144,0.7
6150,0.0
6154,0.350936514143
6155,0.1
6156,0.983761062691
6158,1.0
6159,0.983761062691
6169,0.6933958272
6170,0.0
6179,0.44
6184,0.4
6186,0.739787734972
6204,0.5
6230,0.350936514143
6231,0.075
6232,0.769167317969
6235,0.25
6237,0.769167317969
6239,0.5
6263,0.350936514143
6265,0.3
6270,0.0
6271,0.1
6278,0.350936514143
6279,0.769167317969
6288,0.1
6294,0.0
6295,0.1
6302,1.0
6306,0.3
6322,0.739787734972
6324,0.4
6327,0.6
6331,0.350936514143
6334,0.1
6338,0.8
6339,0.85
6362,0.1
6372,0.350936514143
6375,0.5
6393,0.0
6394,0.350936514143
6405,0.972742410565
6406,0.6
6416,0.9
6421,0.350936514143
6422,0.0
6440,0.972742410565
6457,0.75118727491
6460,0.5
6463,0.350936514143
6474,0.75118727491
6476,0.345
6477,0.6
6482,0.75118727491
6488,1.0
6489,0.3
6494,0.4
6499,0.6
6507,0.3
6524,0.0
6527,0.2
6531,0.2
6536,0.350936514143
6538,0.2
6542,0.6
6565,0.0
6584,0.0
6588,0.1
6597,0.3
6603,0.75118727491
6609,0.75118727491
6613,0.75118727491
6622,0.2
6630,0.26
6637,0.3
6639,0.75118727491
6640,0.3
6646,0.496666666667
6647,0.350936514143
6648,0.972742410565
6669,0.1
6680,0.4
6681,0.356666666667
6684,0.05
6693,0.6
6694,0.8
6704,0.4
6706,0.350936514143
6710,0.1
6713,0.5
6718,0.0
6732,0.116666666667
6737,0.4
6739,0.558333333333
6742,0.733333333333
6746,1.0
6753,0.666666666667
6771,0.1
6784,0.0
6790,0.983761062691
6795,0.350936514143
6807,0.2
6808,0.2
6818,0.8
6823,0.361904761905
6830,0.350936514143
6831,0.350936514143
6832,0.3
6836,0.6
6846,0.525
6850,0.9
6854,0.5
6868,0.75118727491
6876,0.6
6877,0.9
6881,0.85
6882,0.325
6884,0.2
6886,0.7
6901,0.0
6910,0.1
6913,0.2
6914,0.7
6918,0.6
6930,0.4
6941,0.1
6944,0.4
6945,0.0
6947,0.350936514143
6949,0.75118727491
6952,0.353348919394
6963,0.1
6964,0.769167317969
6972,0.75118727491
6979,0.1
6981,0.545238095238
6988,0.75118727491
6990,0.3
6998,0.1
7004,0.1
7016,0.8
7027,0.085
7042,0.2
7056,0.1
7061,0.5
7069,0.5
7071,0.5
7088,0.6
7099,0.4
7108,0.5
7121,0.85182159551
7125,0.75118727491
7136,0.6
7149,0.6
7150,0.6
7151,0.4
7167,0.275
7177,0.75118727491
7178,0.0
7183,0.5
7186,0.9
7190,0.3
7201,0.9
7202,0.2
7207,0.5
7213,0.5
7224,0.8
7225,0.2
7233,0.6
7239,0.75
7246,0.275
7248,0.516666666667
7261,0.350936514143
7264,0.4
7266,0.0
7274,0.516666666667
7279,0.5
7293,0.8
7315,0.6
7322,0.4
7326,0.85182159551
7341,0.8
7363,0.350936514143
7365,0.2
7371,0.35
7377,0.4
7393,0.75118727491
7405,0.0
7410,0.350936514143
7434,1.0
7438,0.3
7447,0.9
7450,0.59696969697
7452,0.48
7453,0.7
7455,0.1
7456,0.15
7457,0.769167317969
7466,0.350936514143
7470,0.75118727491
7474,0.6
7487,0.6
7488,0.24
7492,0.5
7496,0.3
7501,0.4
7505,0.3
7512,0.5
7526,0.6
7536,0.5
7538,0.769167317969
7539,0.7
7544,0.75118727491
7554,0.7
7564,0.3
7566,0.3
7580,0.15
7581,0.9
7584,0.15
7587,0.266666666667
7589,0.7
7590,0.1
7594,0.7
7597,0.0333333333333
7602,0.769167317969
7603,0.383333333333
7605,0.6
7609,0.553333333333
7613,0.6
7619,0.1
7625,0.0
7626,0.350936514143
7636,0.350936514143
7639,0.75118727491
7641,0.6
7643,0.739787734972
7644,0.3
7657,0.4
7661,0.5
7666,0.2
7673,0.0
7683,0.350936514143
7685,0.44
7699,0.2
7704,0.4
7705,0.5
7708,0.3
7728,0.0
7733,0.1
7741,0.423333333333
7743,0.5
7745,0.4
7754,0.7
7756,0.3
7757,0.5
7770,0.5
7773,0.983761062691
7774,0.6
7776,0.769167317969
7777,0.4
7778,0.2
7781,0.350936514143
7784,0.0
7789,0.85182159551
7794,0.2
7799,0.3
7801,0.8
7818,0.4
7823,0.6
7828,0.563412698413
7832,0.1
7839,0.3
7851,1.0
7856,0.6
7868,0.350936514143
7869,0.0
7872,0.25
7874,0.0
7878,0.1
7888,0.3
7913,0.0666666666667
7923,0.8
7925,0.350936514143
7926,0.2
7938,1.0
7942,0.75118727491
7945,0.0
7954,0.5
7963,0.6
7969,0.3
7970,0.350936514143
7977,0.350936514143
7981,0.0
7990,0.0
8020,0.2
8023,0.7
8025,0.9
8034,0.350936514143
8039,0.25
8046,0.1
8051,0.458333333333
8055,0.55
8060,0.15
8063,0.7
8073,0.983761062691
8074,0.3
8076,0.7
8080,0.1
8088,0.4
8102,0.3
8103,0.350936514143
8104,0.350936514143
8105,0.6
8109,0.4
8115,0.350936514143
8121,1.0
8126,0.3
8135,0.8
8153,0.0
8156,0.2
8160,0.5
8161,0.4
8162,0.1
8171,0.5
8181,0.133333333333
8183,0.1
8185,0.2
8191,0.983761062691
8203,0.0
8204,0.769167317969
8207,0.8
8208,0.4
8209,0.9
8210,0.6
8225,0.4
8226,0.0
8231,0.6
8233,0.0
8244,1.0
8250,0.166666666667
8261,0.350936514143
8265,0.0
8278,0.378333333333
8279,0.0
8280,0.0
8296,0.75118727491
8299,0.1
8300,0.7
8301,0.0
8305,0.0
8327,0.2
8334,0.6
8349,0.0
8355,0.541666666667
8361,0.8
8362,0.3
8364,0.7
8365,0.1
8375,0.2
8378,0.3
8380,0.3
8381,1.0
8387,0.54
8399,0.75118727491
8402,0.972742410565
8409,0.6
8433,0.769167317969
8436,0.0
8442,0.0
8448,0.3
8464,0.4
8469,0.2
8474,0.2
8478,0.1
8482,0.1
8490,0.1
8510,0.1
8511,0.5
8527,0.0
8532,0.4
8533,0.0
8538,0.2
8541,0.0
8545,0.78
8553,0.1
8554,0.4
8555,0.591666666667
8569,0.4
8586,1.0
8593,0.95
8600,0.983761062691
8606,1.0
8607,0.0
8611,0.3
8613,0.9
8618,0.85182159551
8630,0.0
8637,0.0
8650,0.2
8652,0.105
8661,0.350936514143
8669,0.1
8673,0.2
8674,0.85
8678,0.75118727491
8682,0.8
8688,0.2
8689,0.7
8695,0.9
8698,0.2
8703,0.7
8709,0.0
8716,0.24
8723,0.0
8737,0.525
8753,1.0
8773,0.350936514143
8774,0.4
8778,0.769167317969
8786,0.5
8794,0.350936514143
8795,0.9
8800,0.5
8804,0.225
8808,0.05
8809,0.2
8817,0.350936514143
8818,0.825
8825,0.5
8830,0.266666666667
8833,0.541666666667
8834,0.3
8836,0.233333333333
8837,0.1
8844,0.0
8851,0.541666666667
8861,0.769167317969
8864,0.2
8865,0.7
8869,0.2
8873,0.75118727491
8880,0.8
8884,0.1
8888,0.1
8889,0.0
8891,0.75118727491
8893,0.3
8897,0.3
8905,0.0
8910,0.6933958272
8918,0.350936514143
8939,0.3
8940,0.7
8941,0.5
8944,0.558333333333
8949,0.0
8950,0.85
8958,0.9
8967,0.75118727491
8975,0.5
8979,0.5
8980,0.267857142857
8991,0.8
8995,0.7
8996,0.2
8998,0.75118727491
9000,0.0
9001,0.9
9002,0.7
9024,0.54
9026,0.1
9027,0.0
9034,0.203333333333
9038,0.1
9050,0.1
9052,0.7
9054,0.8
9078,0.85182159551
9097,0.1
9109,0.4
9112,0.4
9115,0.531666666667
9125,0.350936514143
9132,0.233333333333
9136,0.4
9139,0.4
9140,0.7
9142,0.8
9143,0.1
9147,0.5
9159,0.4
9165,0.4
9172,0.85
9177,0.0
9179,0.433333333333
9185,0.6
9196,0.769167317969
9201,0.2
9209,0.3
9210,0.6
9212,0.4
9214,1.0
9240,0.972742410565
9241,0.7
9244,0.0
9249,0.0
9250,0.4
9255,0.5
9258,0.6
9263,0.4
9266,0.6
9269,0.281666666667
9272,0.5
9276,0.75118727491
9290,0.4
9299,0.0
9303,0.258333333333
9310,0.1
9311,0.0
9314,0.3
9315,0.783333333333
9325,0.2
9328,0.3
9329,0.533333333333
9332,0.998734177215
9337,0.2
9353,1.0
9355,0.7
9356,0.350936514143
9362,0.5
9364,0.350936514143
9366,0.350936514143
9387,0.769167317969
9388,0.983761062691
9396,0.350936514143
9400,0.1
9406,0.0
9411,0.3
9416,1.0
9417,0.75118727491
9423,0.75118727491
9425,0.353348919394
9426,0.2
9427,0.1
9429,0.75118727491
9430,0.7
9434,0.0
9442,0.0
9458,0.1
9476,0.04
9481,0.3
9483,0.8
9484,0.4
9487,0.75118727491
9488,0.0
9490,0.6
9502,0.769167317969
9505,0.3
9509,0.350936514143
9515,0.52
9516,0.6
9532,0.2
9539,0.5
9542,0.350936514143
9549,0.77
9550,0.0
9553,0.275
9554,0.5
9561,0.1
9566,0.7
9571,0.3
9577,0.9
9584,0.2
9592,0.2
9596,0.75118727491
9602,0.5
9603,0.0166666666667
9604,0.769167317969
9608,0.769167317969
9609,0.0
9613,0.0
9623,0.9
9630,0.983761062691
9633,0.46
9648,0.0
9665,0.350936514143
9668,0.2
9678,0.735
9679,0.612380952381
9693,0.75118727491
9718,0.75118727491
9720,0.75118727491
9744,0.1
9745,0.2
9746,0.75118727491
9753,0.8
9758,0.350936514143
9759,0.3
9763,0.1
9766,0.3
9767,0.4
9777,1.0
9781,0.291666666667
9789,0.9
9790,0.8
9799,1.0
9802,0.4
9805,0.769167317969
9807,0.7
9812,0.2
9818,0.4
9820,0.75118727491
9822,0.0
9824,0.350936514143
9834,0.350936514143
9836,0.3
9847,0.2
9864,0.769167317969
9869,0.0
9875,0.5
9880,0.2
9889,0.75118727491
9894,0.6
9909,0.739787734972
9915,0.8
9919,0.4
9920,0.75118727491
9940,0.7
9946,0.9
9958,0.75118727491
9959,0.616666666667
9973,0.8
9976,0.3
9978,1.0
9982,0.0
9987,0.4
9988,0.6
9992,0.8
10000,0.0
10002,0.5
10005,0.5
10008,0.0
10009,1.0
10011,0.0
10021,0.2
10022,0.75118727491
10053,0.1
10074,0.0
10076,0.5
10090,0.350936514143
10092,0.0
10099,0.5
10102,0.3
10103,0.2
10106,0.2
10108,0.739787734972
10113,0.75118727491
10119,0.5
10122,0.5
10125,0.3
10140,0.6
10155,0.0
10159,0.0
10164,0.4
10175,0.225
10176,0.6
10178,0.3
10186,0.350936514143
10200,0.4
10204,0.350936514143
10206,0.350936514143
10211,0.35
10212,0.0
10217,0.9
10220,0.350936514143
10230,0.350936514143
10234,0.3
10235,0.7
10239,0.766666666667
10240,0.2
10242,0.35
10245,0.7
10246,0.769167317969
10247,0.3
10250,0.166666666667
10254,0.75118727491
10257,0.3
10260,0.2
10261,0.75118727491
10265,0.0
10273,0.0
10274,0.433333333333
10277,0.1
10289,0.769167317969
10290,0.8
10298,0.2
10301,0.3
10304,0.350936514143
10305,0.2
10313,0.0
10320,1.0
10323,0.6
10328,0.0
10332,0.983761062691
10336,0.983761062691
10343,0.833333333333
10348,0.350936514143
10350,0.1
10351,0.7
10354,0.1
10372,0.1
10373,0.7
10380,0.0
10383,0.2
10396,0.769167317969
10397,0.216666666667
10399,0.9
10400,0.2
10401,0.7
10402,0.833333333333
10403,0.4
10410,0.666666666667
10412,0.3
10415,0.3
10424,0.6
10428,0.05
10432,0.13
10462,0.350936514143
10477,1.0
10482,0.166666666667
10484,0.2
10493,0.15
10495,0.7
10497,0.5
10516,0.8
10521,0.1
10522,1.0
10523,0.7
10528,0.666666666667
10530,0.1
10532,0.7
10533,0.3
10543,0.973728813559
10547,0.4
10552,0.6
10558,0.1
10571,0.1
10572,0.2
10574,0.1
10583,0.8
10600,0.15
10607,0.6
10608,0.6
10614,0.6
10630,0.1
10634,0.1
10635,0.1
10641,0.75118727491
10643,0.7
10644,0.350936514143
10648,0.7
10669,0.1
10675,0.7
10686,0.75118727491
10704,0.0
10707,0.2
10722,0.766666666667
10736,0.769167317969
10764,0.2
10767,0.75118727491
10776,0.0
10779,1.0
10781,0.3
10792,0.769167317969
10797,0.7
10798,0.525
10801,0.6
10802,0.3
10805,0.3
10808,0.0
10810,0.769167317969
10816,0.633333333333
10817,0.4
10829,0.769167317969
10843,0.4
10858,0.350936514143
10866,0.315
10876,0.25
10887,0.3
10891,0.2
10896,0.1
10900,0.5
10905,0.1
10907,0.0
10917,0.4
10936,0.350936514143
10947,0.5
10948,0.769167317969
10951,0.7
10955,0.2
10969,0.1
10984,0.1
10987,0.1
10990,0.1
10992,0.350936514143
10996,0.0
10997,0.1
10999,0.3
11000,0.769167317969
11001,0.75
11010,0.350936514143
11016,0.350936514143
11018,0.75118727491
11034,0.769167317969
11039,0.366666666667
11041,0.35
11047,0.8
11053,0.7
11055,0.4
11056,0.45
11065,0.1
11068,0.5
11070,0.0
11071,0.5
11072,0.9
11079,0.350936514143
11091,0.9
11094,0.1
11112,0.350936514143
11113,0.350936514143
11128,0.3
11153,0.6
11154,0.0
11163,0.7
11179,0.208333333333
11181,0.3
11206,0.4
11216,0.1
11221,0.166666666667
11223,0.7
11228,1.0
11235,0.3
11237,0.350936514143
11244,0.8
11256,0.4
11267,0.6
11272,0.769167317969
11281,0.1
11285,0.0
11288,0.350936514143
11291,0.2
11293,0.9
11297,0.0
11298,0.4
11299,0.1
11301,0.95
11309,0.8
11331,0.4
11332,0.2
11337,0.0
11343,0.739787734972
11347,0.8
11348,0.4
11355,0.972742410565
11368,0.3
11369,0.9
11371,0.75118727491
11378,0.2
11384,0.0
11387,0.675
11393,0.0
11399,0.3
11412,1.0
11431,0.3
11432,0.2
11444,0.769167317969
11450,0.983761062691
11451,0.325
11476,0.133333333333
11488,0.7
11495,0.6933958272
11505,0.02
11508,0.769167317969
11518,0.350936514143
11522,0.2
11524,0.350936514143
11533,0.350936514143
11549,0.350936514143
11551,0.983761062691
11560,0.4
11563,0.8
11565,0.6933958272
11567,0.1
11569,0.5
11598,0.7
11604,0.8
11611,0.4
11617,0.1
11626,0.350936514143
11642,0.5
11643,0.6
11648,0.025
11651,0.4
11663,0.4
11666,0.491031746032
11685,0.0
11686,0.7
11698,0.1
11708,0.8
11711,0.6
11718,0.3
11742,0.133333333333
11761,1.0
11767,0.1
11768,0.1
11775,0.9
11779,0.350936514143
11786,0.769167317969
11790,0.75118727491
11791,0.4
11796,0.1
11806,0.9
11810,0.9
11811,0.806666666667
11814,0.769167317969
11816,0.2
11820,0.5125
11822,0.2
11829,0.3
11832,0.1
11834,0.75118727491
11836,0.4
11837,0.3
11844,1.0
11847,0.6
11864,0.769167317969
11865,0.7
11872,0.0
11873,0.350936514143
11886,0.3
11894,0.2
11905,0.3
11906,0.0
11907,0.0
11912,0.4
11914,0.5
11918,0.8
11924,0.325
11929,0.769167317969
11930,1.0
11936,0.41
11937,0.3
11954,0.75
11957,0.1
11964,0.0
11968,0.0
11972,0.350936514143
11976,0.5
11979,0.2
11981,0.283333333333
11983,0.1
11989,0.516666666667
11991,0.261666666667
11998,0.3
12003,0.9
12007,0.2
12011,0.7
12014,0.3
12024,0.0
12033,0.0
12034,0.6
12041,0.5
12046,0.350936514143
12056,0.2
12064,0.5
12069,0.5
12070,0.26
12071,0.0
12072,0.2
12078,0.2
12091,1.0
12092,0.350936514143
12094,0.2
12098,0.0
12103,0.15
12115,0.710673914149
12118,0.350936514143
12122,0.7
12125,0.769167317969
12133,0.3
12137,0.350936514143
12141,0.7
12143,0.2
12144,0.75118727491
12154,0.3
12163,0.4
12170,1.0
12193,0.616666666667
12196,0.15
12206,0.0
12209,0.350936514143
12214,0.1
12228,0.2
12233,0.7
12238,0.350936514143
12242,0.0
12245,0.8
12247,0.9
12251,0.42
12287,0.0
12292,0.6
12304,0.4
12317,0.75118727491
12320,0.710673914149
12323,0.75118727491
12328,0.6
12333,0.75118727491
12334,0.7
12335,0.4
12352,0.350936514143
12358,0.233333333333
12364,0.6
12376,0.2
12396,0.133333333333
12402,0.972742410565
12406,0.9
12408,0.316666666667
12410,0.95028819149
12413,0.8
12417,0.0
12424,0.5
12425,0.8
12426,0.5
12430,0.1
12432,0.660714285714
12433,0.0
12451,0.1
12457,0.7
12465,0.350936514143
12468,0.7
12474,0.6
12475,0.350936514143
12486,0.350936514143
12487,0.7
12514,0.1
12524,0.983761062691
12526,0.1
12530,0.15
12532,0.4
12593,0.5
12599,0.6
12600,0.6
12603,0.1
12624,0.972742410565
12630,0.0
12638,1.0
12641,0.769167317969
12643,0.710673914149
12656,0.7
12666,0.9
12673,0.75118727491
12675,0.2
12678,0.7
12692,0.0
12693,0.739787734972
12707,0.4
12711,0.75118727491
12716,0.1
12717,0.6933958272
12723,0.4
12738,0.383333333333
12742,0.275
12746,0.4
12753,0.350936514143
12758,0.6
12760,0.0
12763,0.15
12764,0.45
12768,0.8
12776,0.5
12777,0.9
12783,0.739787734972
12804,0.0
12824,0.7
12839,1.0
12847,0.7
12850,0.972742410565
12867,0.75118727491
12883,0.4
12887,0.3
12890,0.0
12903,0.1
12906,0.616666666667
12907,0.1
12909,0.4
12912,0.1
12915,0.1
12930,0.9
12931,0.5
12934,0.3
12951,0.8
12955,0.05
12973,0.350936514143
12988,0.3
12999,0.15
13015,0.4
13026,0.7
13036,0.1
13039,0.9
13040,0.3
13041,0.353348919394
13043,0.769167317969
13057,0.6
13064,0.6
13068,0.75118727491
13069,0.7
13073,0.7
13079,0.946458066496
13086,0.0
13089,0.8
13093,0.6
13097,0.75118727491
13098,0.35
13105,0.322222222222
13107,0.8
13108,0.4
13110,0.3
13112,0.8
13114,0.2
13118,0.193333333333
13127,0.116666666667
13129,0.0
13142,0.972742410565
13146,0.350936514143
13149,0.350936514143
13157,0.2
13158,0.6
13159,0.8
13161,0.0
13162,0.2
13166,0.1
13168,0.1
13170,0.95028819149
13186,0.4
13191,0.2
13203,0.6
13209,0.1
13212,0.6
13213,0.275
13222,0.3
13229,1.0
13234,0.7
13257,0.710673914149
13258,0.35
13268,0.265
13270,0.6
13291,0.2
13292,0.6
13299,0.45
13307,0.983761062691
13309,0.0
13311,0.0
13312,0.5
13322,0.403333333333
13324,0.75118727491
13330,0.3
13338,0.0
13344,1.0
13348,0.0
13355,0.1
13365,0.972742410565
13368,0.0
13370,0.0
13372,0.3
13377,0.8
13385,0.769167317969
13389,0.7
13393,0.350936514143
13395,0.6
13404,0.1
13411,0.2
13416,0.0
13434,0.7
13435,1.0
13445,0.1
13446,0.1
13451,0.676946107784
13462,0.6
13464,0.966666666667
13466,0.5
13471,0.55
13472,0.75118727491
13477,0.350936514143
13481,0.6
13484,1.0
13490,0.0
13492,0.9
13500,0.5
13508,0.0
13516,0.5
13525,0.1
13526,0.350936514143
13530,1.0
13532,0.3
13538,0.8
13546,0.2
13548,0.9
13550,0.75118727491
13551,0.2
13564,0.7
13566,0.946458066496
13570,0.0
13580,0.233333333333
13585,0.0
13588,0.0
13592,0.350936514143
13594,0.5
13609,0.0
13610,1.0
13613,0.9
13625,1.0
13626,0.660714285714
13639,0.75118727491
13645,0.739787734972
13647,0.9
13648,0.3
13652,0.769167317969
13654,0.75118727491
13664,0.350936514143
13673,0.535714285714
13684,0.0
13690,0.05
13693,0.1
13696,0.0
13700,0.8
13701,0.05
13707,0.7
13713,0.0
13714,0.0
13716,0.2
13720,0.1
13727,0.3
13733,0.8
13738,0.4
13757,0.5
13759,0.9
13761,0.350936514143
13767,0.6
13782,0.8
13786,0.4
13787,0.05
13792,0.0
13795,0.7
13798,0.350936514143
13807,0.6
13809,0.1
13811,0.0666666666667
13815,0.1
13817,0.3
13818,0.0
13822,0.9
13824,0.0
13829,0.2
13832,1.0
13840,0.1
13841,0.8
13868,0.0
13871,0.769167317969
13880,0.8
13888,0.9
13890,0.75118727491
13891,0.0
13895,0.25
13907,0.0
13910,0.3
13912,0.9
13913,0.75
13923,0.9
13929,0.1
13936,0.533333333333
13946,0.1
13950,0.350936514143
13951,0.0
13954,0.2
13958,0.9
13969,1.0
13980,0.1
13981,0.350936514143
13986,0.8
13987,0.5
13989,0.6
13992,0.2
13994,0.350936514143
14001,1.0
14002,0.4
14004,0.1
14006,0.391666666667
14012,0.5
14021,0.0
14024,1.0
14045,0.6
14047,0.7
14057,0.0833333333333
14059,0.2
14060,0.58
14068,0.2
14070,0.5
14074,0.333333333333
14076,0.7
14089,0.2
14115,0.7
14116,0.0
14128,1.0
14131,0.7
14134,0.769167317969
14137,0.2
14138,0.2
14139,0.75118727491
14152,0.0
14153,0.970422535211
14155,0.4
14156,1.0
14164,0.1
14165,0.4
14171,0.2
14174,0.9
14181,0.5
14186,1.0
14192,0.6
14201,0.7
14210,0.769167317969
14214,0.85
14231,0.0
14236,0.525
14241,0.350936514143
14245,0.2
14249,0.1
14251,0.350936514143
14262,0.1
14265,0.3
14267,0.8
14270,0.95028819149
14276,0.5
14279,0.3
14281,0.1
14289,0.5
14290,0.2
14293,0.8
14295,0.0
14297,0.183333333333
14298,0.350936514143
14310,0.2
14312,0.75118727491
14315,0.75118727491
14318,0.7
14319,0.1
14325,0.9
14331,0.2
14334,0.7
14341,0.4
14343,0.972742410565
14344,0.1
14346,0.5
14347,0.4
14349,0.7
14352,0.4
14358,0.3
14361,0.15
14363,0.4
14374,0.4
14376,0.350936514143
14381,0.5
14398,0.4
14410,0.4
14412,0.350936514143
14415,0.350936514143
14423,0.3
14425,0.4
14436,0.2
14444,0.0
14455,0.769167317969
14465,0.0
14469,0.350936514143
14471,0.7
14475,0.6
14479,0.791666666667
14480,0.2
14488,1.0
14491,0.75118727491
14501,0.32
14520,0.8
14522,0.7
14523,0.5
14537,0.2
14538,0.5
14550,0.7
14561,0.3
14575,0.350936514143
14586,0.8
14592,0.350936514143
14601,0.9
14602,0.9
14604,0.9
14606,0.533333333333
14627,0.266666666667
14641,0.2
14652,0.3
14662,0.8
14665,0.2
14673,0.3
14675,0.350936514143
14679,0.8
14683,0.0
14686,0.7
14705,0.3
14708,0.5
14709,0.9
14710,0.2
14715,0.6
14717,0.75
14723,0.6
14725,0.5
14727,1.0
14728,0.3
14735,0.0
14746,0.633333333333
14752,0.350936514143
14757,0.0
14762,0.0
14763,0.5
14797,0.0
14812,0.3
14818,1.0
14825,0.3
14827,0.4
14829,0.25
14830,0.350936514143
14837,0.6
14849,0.350936514143
14863,0.5
14869,0.9
14882,0.0
14884,0.6
14886,0.2
14888,0.75118727491
14890,0.4
14904,0.8
14938,0.350936514143
14952,1.0
14958,0.9
14963,0.6
14979,0.2
14980,0.4
14986,0.7
14988,0.350936514143
15003,0.4
15006,0.769167317969
15009,0.972742410565
15015,0.9
15024,0.1
15030,0.4
15036,0.350936514143
15038,0.3
15039,0.350936514143
15047,0.946458066496
15049,0.7
15056,0.972742410565
15068,0.4
15070,0.2
15073,0.0
15081,0.0
15084,0.6
15088,0.972742410565
15092,0.1
15095,0.5
15097,0.0
15098,0.3
15115,0.6
15120,0.75118727491
15126,0.0
15133,0.2
15143,0.2
15156,0.9
15164,0.3
15178,0.1
15198,0.9
15200,0.3
15208,0.0
15214,0.3
15218,0.4
15231,0.4
15238,0.516666666667
15239,0.215
15240,0.6
15249,0.1
15256,0.833333333333
15260,0.3
15290,0.350936514143
15307,0.983761062691
15308,0.2
15321,0.7
15323,0.2
15325,0.1
15342,0.769167317969
15346,0.0
15349,0.369047619048
15354,0.908333333333
15362,0.5
15379,0.2
15383,0.4
15394,0.8
15401,0.4
15405,0.4
15407,0.3
15412,1.0
15413,0.3
15415,0.9
15427,0.9
15430,0.7
15436,0.1
15439,0.3
15443,0.350936514143
15444,0.7
15445,0.75118727491
15450,0.6
15456,0.946458066496
15465,0.350936514143
15466,0.3
15470,0.4
15474,0.2
15476,0.3
15482,0.5
15492,0.350936514143
15510,0.6
15519,0.4
15523,0.5
15535,0.8
15561,0.769167317969
15564,0.6
15566,0.1
15579,0.716666666667
15580,0.7
15581,0.3
15587,0.3
15589,0.0
15591,0.7
15597,0.46
15620,0.8
15627,0.2
15636,0.75118727491
15653,0.22
15662,0.769167317969
15664,0.3
15666,0.6
15667,0.3
15674,1.0
15692,0.3
15715,0.0
15736,0.7
15744,0.4
15746,0.1
15758,0.0
15760,0.0666666666667
15766,0.2
15767,0.7
15789,0.75118727491
15810,0.1
15818,0.2
15820,0.3
15830,0.5
15844,0.4
15850,0.0
15857,0.8
15863,1.0
15869,0.4
15872,0.6
15873,0.3
15884,0.0
15885,0.5
15891,1.0
15898,0.1
15900,0.65
15932,0.8
15940,0.1
15944,0.6
15945,0.8
15963,0.7
15970,0.2
15977,0.350936514143
15982,0.0
15985,0.0
15995,0.5
16004,0.4
16005,0.350936514143
16011,0.7
16019,0.769167317969
16021,0.2
16051,0.6933958272
16065,0.350936514143
16066,0.1
16076,0.350936514143
16091,0.2
16094,0.350936514143
16101,0.5
16104,0.75118727491
16113,0.75118727491
16114,0.7
16115,0.75118727491
16127,0.8
16128,0.4
16138,0.5
16139,0.769167317969
16142,0.3
16144,1.0
16148,0.9
16151,0.4
16156,0.8
16165,0.5
16166,0.7
16179,1.0
16193,0.4
16196,0.1
16198,0.9
16210,0.7
16232,0.350936514143
16237,0.0
16240,0.9
16252,0.8
16259,0.583333333333
16262,0.350936514143
16263,0.5
16270,0.350936514143
16272,0.3
16290,0.2
16295,0.865747012844
16297,0.8
16299,0.1
16300,0.4
16302,0.1
16303,0.6
16305,1.0
16309,0.9
16312,0.5
16320,0.350936514143
16326,0.5
16327,0.6
16338,0.3
16342,0.1
16346,0.6
16348,0.633333333333
16355,0.0
16356,0.3
16378,0.8
16382,0.3
16391,0.15
16392,0.3
16395,0.75118727491
16399,0.5
16403,0.0
16408,0.2
16413,0.2
16415,0.5
16417,0.9
16420,0.7
16431,0.5
16439,0.6
16444,0.6
16446,0.0
16451,0.7
16454,0.05
16461,0.4
16462,0.9
16469,0.7
16484,0.7
16486,0.9
16487,0.25
16491,0.4
16494,0.55
16507,0.2
16508,0.0
16519,0.4
16523,0.6
16526,0.4
16530,0.7
16532,0.3
16542,0.0
16550,0.9
16555,0.5
16558,0.3
16567,1.0
16576,0.3
16579,0.1
16595,0.6
16598,0.1
16600,0.0869047619048
16604,0.8
16605,1.0
16607,0.8
16610,0.1
16612,1.0
16617,0.6
16625,0.2
16632,0.8
16634,0.6
16650,0.2
16654,0.15
16655,0.616666666667
16656,0.3
16657,0.7
16660,0.9
16662,0.8
16669,0.1
16675,0.9
16676,0.9
16678,0.1
16679,0.46
16693,0.2
16701,0.2
16715,0.48
16722,0.8
16724,0.6
16727,0.4
16735,0.1
16741,0.3
16752,0.0
16758,0.0
16765,0.6
16771,0.45
16785,0.6
16793,0.0
16800,0.2
16805,0.2
16809,0.2
16820,0.5
16827,0.8
16830,0.7
16843,1.0
16847,0.3
16855,0.1
16860,0.4
16862,0.7
16863,0.5
16872,0.1
16874,0.4
16876,0.15
16893,0.8
16895,0.3
16914,0.0666666666667
16917,0.4
16926,0.4
16930,0.5
16931,0.0
16932,0.1
16934,0.2
16937,0.5
16941,0.5
16942,0.9
16957,0.4
16962,0.8
16967,0.8
16968,0.8
16972,0.5
16974,0.1
16984,0.5
16987,0.0
16994,0.35
16995,0.6
16999,0.366666666667
17034,0.7
17038,0.7
17040,0.225
17050,0.9
17068,0.1
17077,0.4
17079,0.2
17082,0.0
17085,0.5
17087,0.4
17099,1.0
17105,0.0
17108,0.7
17110,0.0
17111,0.6
17123,0.9
17124,0.116666666667
17130,0.3
17138,0.3
17143,1.0
17157,0.1
17160,0.4
17166,0.2
17167,0.0
17179,0.2
17180,0.2
17189,1.0
17197,0.1
17219,0.5
17223,0.0
17225,1.0
17229,0.8
17234,0.233333333333
17235,0.3
17239,0.6
17242,0.2
17243,0.4
17246,0.7
17247,0.3
17255,0.9
17258,0.0
17260,0.8
17264,0.6
17270,0.4
17271,0.4
17272,0.2
17285,0.0
17294,0.5
17297,0.3
17298,1.0
17299,0.5
17306,0.5
17324,0.6
17326,0.0
17330,0.3
17345,0.6
17351,1.0
17352,0.0166666666667
17372,0.4
17381,0.8
17385,0.5
17388,0.2
17390,0.4
17392,0.9
17399,0.2
17404,0.3
17407,0.0
17408,0.3
17416,0.5
17418,0.41
17434,1.0
17438,0.6
17443,0.86
17444,0.1
17453,0.2
17460,0.6
17467,0.15
17480,0.5
17488,0.133333333333
17490,0.5
17493,0.0
17498,1.0
17503,0.0
17513,0.55
17520,0.2
17525,0.7
17534,0.0
17545,0.6
17553,0.5
17554,0.3
17557,0.4
17563,0.7
17576,0.4
17577,0.4
17580,0.6
17582,0.4
17596,0.2
17597,0.9
17602,0.9
17614,1.0
17623,0.3
17624,0.8
17627,1.0
17628,0.1
17630,0.7
17634,0.965747012844
17640,0.366666666667
17652,0.2
17657,0.2
17661,0.6
17662,0.408333333333
17666,0.0
17682,1.0
17688,0.0
17693,0.6
17705,0.0
17711,0.5
17715,0.5
17717,0.3
17721,0.2
17728,0.0
17737,0.1
17745,0.6
17755,0.308333333333
17764,1.0
17774,0.3
17785,0.2
17786,1.0
17789,0.0
17802,0.2
17810,1.0
17819,0.9
17825,0.0
17828,0.25
17833,0.2
17841,0.9
17842,0.5
17844,0.333333333333
17849,0.0
17855,0.2
17857,0.8
17861,0.2
17863,0.3
17868,0.4
17876,0.2
17882,0.0
17885,0.806666666667
17893,0.5
17894,0.8
17902,1.0
17906,0.2
17911,0.833333333333
17917,0.0
17921,0.7
17941,0.0
17945,0.1
17949,0.435
17954,0.7
17957,0.0
17958,0.733333333333
17960,0.1
17985,0.9
18000,0.3
18002,0.6
18008,0.0
18014,0.5
18015,0.9
18019,0.2
18021,0.316666666667
18026,0.1
18029,0.5
18034,0.4
18035,0.403333333333
18036,0.6
18039,0.1
18066,0.325
18076,0.2
18089,0.1
18104,0.5
18110,0.0833333333333
18129,1.0
18131,1.0
18133,0.3
18136,0.0333333333333
18148,0.5
18152,0.0
18167,0.9
18177,0.6
18178,0.4
18183,0.1
18194,1.0
18197,0.9
18213,0.3
18214,0.1
18221,0.2
18227,0.193333333333
18239,0.5
18245,0.5
18266,0.1
18267,0.35
18274,0.05
18283,0.1
18297,0.3
18302,0.6
18303,0.4
18315,0.02
18324,0.8
18326,0.1
18334,0.6
18336,0.6
18344,0.65
18346,0.2
18347,0.0
18350,0.3
18352,0.5
18364,0.7
18366,0.2
18373,0.2
18391,0.4
18393,0.5
18395,0.8
18400,1.0
18408,0.8
18421,0.0
18425,0.5
18443,0.1
18451,0.1
18456,0.166666666667
18458,0.0
18460,0.1
18467,0.433333333333
18468,0.2
18475,0.9
18485,0.7
18494,0.7
18495,0.4
18508,0.5
18530,0.0
18533,0.975
18547,0.0
18548,0.1
18553,0.0
18561,0.15
18565,0.8
18572,0.1
18593,0.3
18600,0.3
18621,0.3
18629,0.5
18637,0.16
18649,0.1
18653,0.3
18660,0.8
18671,0.0
18672,0.0
18677,0.0
18681,0.974780058651
18684,0.90187862642
18686,0.0
18689,0.4
18690,0.0
18709,0.8
18716,0.2
18723,0.9
18773,0.0
18782,0.5
18797,0.4
18810,0.133333333333
18817,0.4
18820,0.9
18825,0.6
18837,0.2
18850,1.0
18857,0.833333333333
18861,0.9
18867,0.8
18870,0.0
18877,0.7
18887,0.246666666667
18898,0.1
18900,0.8
18914,0.3
18921,0.825
18922,0.4
18945,0.42619047619
18947,0.7
18953,0.6
18954,0.6
18957,1.0
18960,0.7
18973,0.45
18983,0.4
18990,0.483333333333
18991,0.3
18993,0.55
18995,0.1
18996,0.2
19003,0.1
19014,0.4
19015,0.55
19019,0.4
19028,0.25
19038,0.275
19040,0.2
19046,0.0
19051,0.1
19054,1.0
19056,0.2
19074,0.1
19085,1.0
19099,0.9
19124,0.2
19134,0.9
19141,0.5
19146,1.0
19150,0.2
19170,0.7
19176,0.3
19187,1.0
19189,0.1
19202,0.7
19208,0.0
19209,0.4
19210,0.6
19216,0.9
19217,0.1
19218,0.5
19223,0.1
19240,0.0
19246,0.35
19269,0.5
19275,0.8
19287,0.3
19298,0.0
19303,0.1
19313,0.6
19325,0.2
19326,0.683333333333
19328,0.65
19330,0.0
19340,1.0
19342,0.0
19343,0.31
19344,0.5
19363,0.1
19364,0.0
19371,0.05
19376,0.5
19377,0.15
19381,0.2
19384,0.1
19390,0.0
19402,0.7
19405,0.45
19409,0.0
19418,0.4
19429,0.8
19446,0.7
19458,0.6
19460,0.8
19462,0.6
19465,0.5
19472,0.1
19480,0.5
19503,0.9
19507,0.6
19517,0.1
19533,0.6
19537,0.0
19541,0.4
19563,0.408333333333
19566,0.9
19568,0.8
19576,0.3
19591,0.1
19597,1.0
19619,0.6
19622,0.75
19623,0.0
19624,0.825
19627,0.1
19629,0.3
19633,0.0
19639,0.1
19641,0.9
19643,0.1
19649,0.5
19652,1.0
19657,0.3
19660,0.7
19668,0.9
19678,0.6
19686,0.7
19690,0.2
19694,0.3
19695,0.1
19702,0.8
19712,0.7
19720,1.0
19735,0.4
19739,0.4
19740,0.7
19743,0.1
19750,0.7
19752,0.5
19754,0.5
19762,0.133333333333
19770,0.0
19775,0.6
19777,0.4
19782,0.3
19783,1.0
19786,0.6
19805,0.0
19808,0.5
19819,0.7
19821,0.0
19827,0.5
19830,0.8
19832,0.8
19833,0.325
19834,0.16
19843,0.2
19844,0.0
19846,0.0
19847,0.3
19850,1.0
19851,0.8
19861,0.9
19873,0.832967032967
19878,0.7
19886,0.2
19892,0.7
19901,0.1
19902,0.732142857143
19920,0.8
19921,0.6
19922,0.325
19929,1.0
19932,0.633333333333
19935,0.1
19936,0.3
19946,1.0
19950,0.799475574713
19952,0.4
19955,0.6
19976,0.2
19983,1.0
19987,0.3
19991,0.9
19996,0.9
20007,0.933333333333
20015,0.3
20019,0.8
20023,0.6
20034,0.6
20036,0.7
20038,0.0
20039,0.36
20040,0.6
20045,0.666666666667
20046,1.0
20048,0.1
20060,0.0
20068,0.3
20074,1.0
20111,0.2
20117,0.0
20125,0.4
20129,0.6
20134,0.3
20135,0.1
20139,0.25
20142,0.3
20147,0.6
20154,0.7
20157,0.425
20169,0.2
20179,0.483333333333
20202,0.8
20207,0.2
20215,0.0
20216,0.6
20217,0.777272727273
20218,0.559459459459
20219,1.0
20226,0.3
20236,0.2
20239,0.3
20246,0.1
20247,0.9
20253,0.7
20255,0.0
20268,0.35
20270,1.0
20271,0.6
20279,1.0
20282,0.416666666667
20295,0.2
20302,0.2
20305,0.9
20306,0.7
20308,0.5
20330,0.6
20335,1.0
20344,0.6
20349,0.894285714286
20360,0.2
20362,0.9
20378,0.5
20394,0.0
20397,0.8
20403,0.35
20405,0.4
20415,0.0
20417,0.1
20420,0.0
20425,0.2
20430,0.9
20435,1.0
20443,0.5
20446,0.0
20458,0.2
20459,0.7
20467,0.4
20470,1.0
20482,0.5
20489,0.4
20495,0.2
20496,0.2
20497,0.7
20505,0.3
20509,0.8
20535,0.8
20539,1.0
20544,0.6
20547,0.35
20556,0.0
20557,0.4
20575,0.1
20577,0.5
20596,0.1
20597,0.6
20602,0.0
20603,0.0666666666667
20609,0.8
20618,0.2
20621,0.7
20628,0.1
20634,0.3
20637,0.1
20641,0.1
20642,0.6
20647,0.2
20655,0.6
20656,0.0
20661,0.1
20664,1.0
20674,0.7
20679,1.0
20680,0.4
20683,0.7
20687,0.0
20688,1.0
20695,0.0
20696,0.4
20699,0.25
20701,0.4
20702,0.0
20704,0.0
20721,0.5
20725,0.0
20731,0.733333333333
20741,0.16
20742,0.15
20753,0.9
20756,0.0
20769,0.266666666667
20771,0.7
20774,0.4
20777,0.9
20781,0.2
20797,0.8
20808,0.4
20810,0.5
20820,0.4
20823,1.0
20829,1.0
20832,0.3
20833,0.566666666667
20837,0.5
20838,0.0
20839,0.583333333333
20847,0.8
20861,0.1
20869,1.0
20875,0.0
20877,0.5
20889,0.7
20894,0.8
20901,0.7
20919,0.2
20923,0.1
20935,1.0
20937,0.2
20939,0.7
20940,0.6
20943,0.4
20946,0.7
20950,0.6
20961,0.9
20965,0.3
20967,0.8
20969,0.3
20970,0.6
20975,0.6
20987,0.7
20995,1.0
20998,0.8
21002,0.1
21012,0.8
21013,0.9
21015,0.4
21017,0.1
21020,0.55
21028,0.65
21031,0.4
21036,0.5
21040,0.6
21048,0.4
21049,0.05
21051,0.1
21070,0.0666666666667
21072,1.0
21079,0.1
21090,0.3
21093,0.5
21104,0.1
21114,0.1
21117,0.3
21120,0.3
21121,0.3
21132,0.5
21136,0.3
21139,0.5
21140,0.6
21146,0.4
21150,0.4
21178,1.0
21180,0.9
21198,0.2
21203,0.0
21210,0.4
21218,0.1
21220,0.1
21222,0.3
21228,0.9
21236,0.5
21239,0.6
21260,0.6
21267,0.0
21271,0.5
21279,0.2
21286,0.8
21288,0.4
21294,0.9
21298,0.0
21299,0.3
21300,0.9
21304,0.8
21307,0.8
21309,0.166666666667
21311,0.4
21331,0.1
21332,0.5
21342,0.5
21345,1.0
21348,1.0
21353,0.3
21357,0.3
21369,0.6
21370,1.0
21371,0.6
21373,0.0
21385,0.6
21392,0.6
21401,0.405
21403,0.4
21406,0.95
21413,0.632142857143
21414,0.9
21416,0.9
21423,1.0
21442,0.6
21443,0.4
21448,0.7
21459,0.9
21467,0.466666666667
21474,0.0
21484,0.525
21488,1.0
21495,0.0
21498,0.7125
21502,0.233333333333
21503,0.8
21510,0.9
21516,0.5
21533,0.8
21535,0.9
21539,0.6
21541,0.225
21544,0.7
21554,0.4
21569,0.2
21572,0.405
21578,0.2
21580,0.0
21584,0.3
21589,0.8
21595,0.4
21598,0.5
21599,0.3
21606,0.45
21623,0.9
21639,0.8
21641,1.0
21645,0.3
21647,0.7
21648,0.4
21657,0.3
21671,0.85
21673,0.2
21678,0.5
21696,0.6
21699,0.2
21700,0.1
21703,0.7
21710,0.45
21721,0.0
21727,0.346666666667
21728,0.9
21731,0.1
21741,0.8
21744,1.0
21748,0.4
21753,0.0
21756,0.4
21763,0.4
21767,0.0
21772,1.0
21774,0.4
21775,0.8
21780,0.5
21787,0.4
21805,0.2
21828,0.0
21831,0.766666666667
21837,0.7
21842,0.9
21849,0.8
21856,0.9
21858,0.4
21862,0.0
21864,0.0
21867,0.1
21879,0.7
21881,0.0
21883,0.8
21891,0.4
21892,0.9
21902,0.0
21909,0.05
21914,0.1
21918,0.1
21919,0.5
21926,0.0
21930,0.3
21934,0.8
21940,0.3
21945,0.2
21948,0.4
21953,0.45
21954,0.3
21956,0.3
21963,1.0
21970,0.1
21984,0.1
21997,0.0
21999,0.39
22001,0.8
22002,0.0
22010,0.5
22013,0.2
22022,0.7
22024,0.0
22028,0.0
22029,0.6
22045,0.5
22049,0.0
22064,0.6
22069,0.9
22074,0.8
22082,0.0833333333333
22084,0.4
22090,0.8
22096,0.7
22100,0.2
22105,0.26
22119,0.15
22130,0.5
22152,0.9
22155,0.0
22164,0.25
22173,0.3
22194,0.3
22209,0.2
22217,0.3
22220,0.0
22222,0.8
22244,1.0
22245,0.375
22250,1.0
22256,0.87
22261,0.9
22264,0.6
22270,0.6
22279,0.781507381507
22280,0.2
22284,0.5
22288,0.1
22293,0.0
22297,0.929748123373
22307,0.1
22310,0.4
22319,0.2
22324,0.116666666667
22326,0.0333333333333
22327,0.0
22329,0.0666666666667
22331,1.0
22340,1.0
22342,0.9
22347,0.3
22351,0.9
22357,0.7
22361,0.0
22371,1.0
22373,0.2
22391,0.6
22404,0.9
22409,0.9
22411,1.0
22428,0.8
22436,0.6
22444,0.9
22445,0.4
22451,0.381666666667
22463,0.5
22464,0.0
22467,1.0
22472,0.4
22485,1.0
22497,0.6
22504,0.8
22508,0.8
22516,0.3
22522,0.1
22527,1.0
22543,1.0
22549,0.1
22551,0.9
22557,0.3
22562,0.9
22567,0.1
22572,0.5
22575,0.2
22578,0.7
22579,0.7
22580,0.7
22581,0.266666666667
22591,0.8
22593,0.2
22597,0.525
22600,0.206666666667
22602,0.5
22603,0.4
22616,0.9
22617,0.1
22622,0.9
22623,0.6
22624,0.9
22628,0.5
22640,0.0
22641,0.633333333333
22653,1.0
22660,0.1
22672,0.3
22674,0.0
22689,0.7
22698,0.9
22705,0.7
22709,1.0
22711,0.1
22714,0.433333333333
22715,0.26
22729,0.1
22730,0.4
22733,0.0
22750,0.6
22754,1.0
22756,0.84
22758,0.6
22767,0.9
22768,0.7
22769,0.9
22776,0.1
22778,0.2
22780,1.0
22789,0.4
22797,0.4
22799,1.0
22814,0.491666666667
22818,0.4
22821,0.9
22823,0.4
22841,0.0
22847,0.6
22848,0.4
22862,0.0
22875,0.804642696503
22877,0.8
22887,0.9
22892,0.2
22899,1.0
22901,0.9
22907,0.8
22909,0.350936514143
22926,0.1
22927,0.4
22930,0.4
22934,0.133333333333
22937,0.4
22939,0.75118727491
22949,0.2
22951,0.350936514143
22955,0.2
22965,0.739787734972
22966,0.75118727491
22968,0.983761062691
22972,0.350936514143
22975,0.350936514143
22981,0.2
22988,0.350936514143
22994,0.8
22996,0.75118727491
23011,0.75118727491
23028,0.350936514143
23031,0.9
23035,0.3
23038,0.350936514143
23042,0.350936514143
23049,0.5
23051,0.983761062691
23053,0.366666666667
23057,0.75118727491
23058,0.350936514143
23063,0.0
23064,0.25
23067,0.0
23071,0.4
23075,0.350936514143
23077,0.75118727491
23090,0.1
23094,0.350936514143
23097,0.1
23103,0.4
23107,0.75118727491
23117,0.5
23122,0.0
23124,0.0
23126,0.350936514143
23129,0.75118727491
23136,0.350936514143
23141,0.6
23142,0.350936514143
23147,0.2
23154,0.350936514143
23159,0.6
23165,0.350936514143
23171,0.75118727491
23173,0.0
23175,1.0
23179,0.983761062691
23182,0.75118727491
23185,0.350936514143
23188,0.7
23189,0.25
23209,0.366666666667
23214,0.350936514143
23215,0.4
23233,0.1
23241,0.350936514143
23252,0.4
23255,0.350936514143
23263,0.6
23281,0.875
23282,0.0
23289,0.0
23292,0.0
23296,0.5
23297,0.1
23301,0.55
23302,0.353348919394
23304,0.2
23309,0.6
23312,0.350936514143
23316,0.3
23321,0.2
23342,0.8
23344,0.2
23350,0.3
23367,0.75118727491
23368,0.3
23374,0.1
23387,0.5
23389,0.739787734972
23399,0.6
23403,0.9
23406,0.983761062691
23414,0.4
23415,0.7
23419,0.75118727491
23436,0.516666666667
23439,0.739787734972
23444,0.350936514143
23445,0.0
23455,0.233333333333
23469,0.4
23472,0.2
23477,0.0
23478,0.75118727491
23479,0.1
23487,0.3
23490,0.0
23491,1.0
23492,0.1
23494,0.9
23496,0.3
23497,0.4
23506,0.1
23515,0.1
23528,0.3
23532,0.1
23549,0.8
23551,0.2
23552,0.1
23555,0.0
23556,0.4
23564,0.75118727491
23583,0.1
23592,0.350936514143
23597,0.972742410565
23601,0.2
23605,0.75118727491
23615,0.3
23619,0.1
23621,0.972742410565
23626,0.75118727491
23635,0.350936514143
23637,0.466666666667
23640,0.216666666667
23646,0.0
23655,0.6
23672,0.6
23673,0.6
23682,0.7
23683,0.350936514143
23699,0.05
23704,0.75118727491
23707,0.983761062691
23713,0.3
23714,0.0
23716,0.350936514143
23718,0.75118727491
23721,0.4
23735,0.7
23737,0.7
23744,0.8
23749,0.75118727491
23755,0.4
23769,0.75118727491
23772,0.350936514143
23773,0.0
23774,0.75118727491
23779,0.0
23782,0.350936514143
23793,0.353348919394
23803,0.983761062691
23828,0.75118727491
23833,0.75118727491
23834,0.8
23844,0.0
23845,0.75118727491
23852,1.0
23855,0.75118727491
23867,0.0
23872,0.75118727491
23874,0.350936514143
23880,0.2
23886,0.1
23898,0.3
23900,0.0
23903,0.5
23907,0.0
23908,0.7
23912,0.0
23916,0.4
23917,0.350936514143
23918,0.833333333333
23922,0.4
23928,0.4
23940,0.75118727491
23944,0.2
23945,0.350936514143
23951,0.55
23966,0.0
23970,0.0
23971,0.7
23976,0.75118727491
23980,0.4
23987,0.983761062691
23988,0.6
23993,0.1
23997,0.916666666667
23998,0.05
23999,0.739787734972
24010,0.75118727491
24015,0.75118727491
24023,0.1
24033,0.7
24046,0.75118727491
24060,0.7
24062,0.4
24065,0.75118727491
24070,0.353348919394
24071,0.3
24073,0.616666666667
24079,0.9
24082,0.983761062691
24084,0.393333333333
24089,0.5
24094,0.0
24100,0.5
24105,0.0
24106,0.2
24108,0.75118727491
24111,0.983761062691
24120,0.5
24125,0.7
24134,0.75118727491
24140,0.4
24151,0.2
24153,0.0
24154,0.350936514143
24161,0.0
24166,0.2
24170,0.75118727491
24176,0.1
24182,0.739787734972
24188,0.233333333333
24190,0.1
24201,0.983761062691
24211,1.0
24215,0.75118727491
24216,0.983761062691
24219,0.2
24222,0.75118727491
24240,0.983761062691
24243,0.2
24245,0.4
24251,0.0
24256,0.972742410565
24258,0.0
24261,0.1
24263,0.4
24264,0.6
24266,0.2
24273,0.0
24278,0.55
24289,0.983761062691
24292,0.491666666667
24293,0.2
24298,0.983761062691
24299,0.2
24303,0.75118727491
24304,0.8
24305,0.45
24329,0.3
24341,0.1
24345,0.75118727491
24353,0.39
24358,0.983761062691
24364,0.7
24367,0.2
24370,0.8
24377,0.65
24380,0.0
24381,0.1
24387,0.2
24391,0.5
24409,0.983761062691
24413,0.0
24416,0.1
24427,0.9
24439,0.0
24443,0.5
24448,0.5
24454,0.739787734972
24455,0.0
24461,0.2
24464,0.517857142857
24468,0.1
24469,0.325
24501,0.25
24508,0.0
24519,0.7
24520,0.972742410565
24538,0.350936514143
24540,0.75118727491
24550,0.1
24552,0.3
24561,0.0
24577,0.353348919394
24579,0.5
24580,0.1
24582,0.1
24591,1.0
24592,0.3
24599,1.0
24602,0.4
24606,0.95
24617,0.4
24619,1.0
24630,0.2
24633,0.739787734972
24634,0.866666666667
24638,0.1
24641,0.391666666667
24644,0.366666666667
24645,0.739787734972
24656,0.0
24661,0.5
24663,0.75118727491
24667,0.516666666667
24669,0.75118727491
24682,0.4
24698,0.4
24699,0.75118727491
24702,0.525
24703,0.350936514143
24717,0.1
24724,0.983761062691
24731,0.5
24737,0.2
24740,0.4
24743,0.2
24744,0.983761062691
24755,0.350936514143
24757,0.216666666667
24765,0.350936514143
24766,0.2
24776,0.75118727491
24787,0.972742410565
24789,0.9
24791,0.4
24792,0.0
24804,0.4
24812,0.34
24816,0.316666666667
24817,0.7
24820,0.4
24828,0.4
24832,0.0
24836,0.2
24842,0.75118727491
24846,0.0
24847,0.0666666666667
24848,0.983761062691
24851,0.75118727491
24855,0.75118727491
24856,0.7
24871,0.350936514143
24874,0.1
24877,0.0
24889,0.3
24897,0.2
24899,0.75118727491
24908,0.6
24913,0.75118727491
24923,0.77
24933,0.318333333333
24971,0.6
24973,0.983761062691
24993,0.350936514143
24998,0.350936514143
25000,0.972742410565
25001,0.972742410565
25002,1.0
25003,0.983761062691
25009,0.5
25024,0.3
25026,0.4
25027,0.983761062691
25034,0.0
25050,0.0
25057,0.0
25067,1.0
25075,0.1
25081,0.0
25085,0.1
25093,0.2
25097,0.5
25103,0.166666666667
25104,0.6
25109,0.2
25112,0.6
25113,0.5
25114,0.3
25119,0.3
25121,0.0
25122,1.0
25124,0.75118727491
25131,0.0
25134,0.8
25144,0.0
25147,0.75118727491
25148,0.350936514143
25149,0.2
25155,0.350936514143
25169,1.0
25177,0.75118727491
25178,1.0
25179,0.3
25180,0.75118727491
25191,0.75118727491
25199,0.2
25232,0.0
25241,0.5
25242,1.0
25243,0.2
25246,0.4
25259,0.75118727491
25265,0.75118727491
25278,0.75118727491
25280,0.1
25284,0.116666666667
25286,0.75118727491
25288,0.3
25318,0.983761062691
25330,0.75118727491
25333,0.5
25339,0.1
25340,0.75118727491
25346,0.1
25349,0.976946107784
25351,0.0
25361,0.75118727491
25366,0.7
25368,0.983761062691
25369,0.4
25370,0.353348919394
25375,0.0
25376,0.75118727491
25377,0.5
25379,0.7
25382,0.350936514143
25386,0.350936514143
25389,0.350936514143
25399,0.535714285714
25400,0.7
25401,0.4
25407,0.0
25409,0.0
25412,1.0
25416,0.4
25418,0.2
25423,0.1
25436,0.0916666666667
25439,0.2
25442,0.1
25445,0.972742410565
25446,0.31
25453,0.5
25456,0.350936514143
25458,0.353348919394
25460,0.0
25461,0.5
25468,0.9
25470,0.2
25471,0.3
25482,0.4
25501,0.739787734972
25504,0.75118727491
25515,0.4
25518,0.75
25528,0.1
25533,0.2
25543,0.0
25548,0.335
25564,0.625
25572,0.75118727491
25576,0.0
25577,0.353348919394
25587,0.6
25591,0.4
25596,0.8
25598,0.2
25617,0.0
25618,0.739787734972
25620,1.0
25623,0.5
25626,0.3
25628,0.1
25633,0.350936514143
25637,0.1
25644,0.1
25662,0.6
25663,0.1
25673,0.8
25678,0.0
25685,0.1
25691,0.0
25706,0.4
25707,0.1
25723,0.2
25725,0.2
25735,0.75118727491
25740,0.3
25759,0.223333333333
25761,0.7
25769,0.1
25774,0.2
25779,0.75118727491
25781,0.583333333333
25784,0.972742410565
25790,0.983761062691
25796,0.266666666667
25816,0.1
25847,0.15
25850,0.1
25852,0.925
25856,0.6
25866,0.2
25867,0.75118727491
25868,0.2
25869,0.350936514143
25877,0.6
25878,0.0
25890,0.350936514143
25898,0.739787734972
25899,0.1
25906,0.972742410565
25907,0.75118727491
25915,0.972742410565
25932,0.75118727491
25939,0.255555555556
25946,0.75118727491
25951,0.75118727491
25959,0.350936514143
25961,0.6
25964,0.353348919394
25969,0.1
25980,0.1
25986,0.2
25992,0.5
25998,0.4
26000,0.353348919394
26006,0.8
26009,0.2
26016,0.316666666667
26023,1.0
26038,0.350936514143
26041,0.333333333333
26050,0.3
26051,0.983761062691
26057,0.675
26060,0.55
26062,0.866666666667
26067,0.983761062691
26068,0.0
26072,0.8
26074,0.9
26075,0.05
26081,0.75118727491
26108,0.75118727491
26112,0.983761062691
26113,0.0
26115,0.5
26122,0.1
26139,0.3
26162,0.350936514143
26165,0.3
26173,0.7
26177,0.350936514143
26179,0.15
26184,0.5
26190,0.8
26204,0.325
26205,0.0
26212,0.9
26215,0.0
26227,1.0
26232,0.75118727491
26237,0.350936514143
26246,0.7
26248,0.75118727491
26249,0.523333333333
26260,0.350936514143
26263,0.1
26267,0.769167317969
26269,0.9
26271,0.75118727491
26273,0.4
26286,0.350936514143
26297,0.1
26309,0.1
26313,0.0666666666667
26319,0.0
26329,0.1
26330,0.75118727491
26333,0.6
26361,0.7
26366,0.773075766155
26376,0.999547511312
26378,0.7
26382,0.625
26389,0.183333333333
26391,0.4
26401,0.8
26415,0.3
26419,0.8
26421,0.983761062691
26422,0.24
26423,0.75118727491
26424,0.769167317969
26441,0.8
26442,0.8
26446,0.7
26447,0.3
26448,0.6
26451,0.283333333333
26459,0.3
26465,0.0
26476,0.766666666667
26481,0.3
26487,0.983761062691
26501,0.4
26513,0.75118727491
26517,0.3
26527,0.85182159551
26534,0.75118727491
26535,0.983761062691
26545,0.0
26550,0.2
26558,0.3
26571,0.75118727491
26573,0.350936514143
26575,0.2
26578,0.350936514143
26583,0.85182159551
26590,0.0
26593,1.0
26602,0.3
26606,0.5
26613,0.75118727491
26615,0.0
26618,0.7
26628,0.972742410565
26630,0.25
26635,0.3
26645,0.3
26648,0.15
26651,0.6
26660,0.233333333333
26663,0.6
26664,0.9
26665,0.6
26673,0.9
26675,0.491666666667
26676,0.183333333333
26677,0.25
26679,0.6
26687,0.9
26689,0.5
26697,0.2
26737,0.75118727491
26747,0.983761062691
26748,0.4
26749,0.0
26754,0.983761062691
26759,0.35
26760,0.75118727491
26765,0.2
26769,0.0
26771,0.0
26776,0.5
26778,0.7
26780,0.3
26783,0.0
26785,0.3
26800,0.0
26804,0.2
26812,0.1
26816,0.0
26823,0.75118727491
26834,0.350936514143
26836,0.7
26841,0.8
26845,0.4
26849,0.0
26854,0.4
26858,0.0
26860,0.0
26866,0.6
26871,0.1
26873,0.353348919394
26905,0.513333333333
26907,0.3
26920,0.6
26924,0.0
26930,0.0
26942,0.8
26944,0.4
26949,0.85182159551
26952,0.972742410565
26956,0.6
26973,0.1
26977,0.4
26993,0.2
26997,0.2
26999,0.2
27021,0.4
27023,0.8
27025,0.0
27027,1.0
27032,0.769167317969
27034,0.0
27036,0.3
27045,0.15
27050,0.0
27051,1.0
27055,0.15
27056,0.3
27060,0.633333333333
27061,0.75118727491
27066,0.75118727491
27070,0.3
27073,0.416666666667
27077,0.9
27085,0.15
27086,0.0
27099,0.350936514143
27105,0.350936514143
27109,0.1
27125,0.1
27135,0.353348919394
27139,0.9
27140,0.769167317969
27141,0.1
27142,0.0
27144,0.1
27148,0.6
27154,0.9
27162,0.75118727491
27175,0.85
27176,0.8
27178,0.4
27197,0.9
27204,0.3
27205,0.1
27206,0.7
27207,0.0
27216,0.1
27230,0.0
27234,0.1
27241,0.1
27249,0.983761062691
27251,0.3
27252,0.7
27256,0.6
27257,0.7
27263,0.6
27268,0.2
27269,0.0
27276,0.9
27279,0.9
27288,0.75118727491
27295,0.1
27299,0.350936514143
27302,0.7
27304,0.166666666667
27316,0.7
27318,0.2
27330,0.8
27333,0.5
27335,1.0
27339,0.7
27341,0.503552836053
27342,0.1
27345,0.6
27347,0.3
27354,0.5
27361,0.283333333333
27375,0.75118727491
27387,0.769167317969
27390,0.769167317969
27392,0.769167317969
27399,0.4
27403,0.6
27410,0.816666666667
27423,0.95
27429,0.5
27432,0.8
27436,0.0
27437,0.5
27441,0.7
27444,0.3
27445,0.7
27448,0.8
27454,0.8
27459,0.9
27465,0.6
27478,0.972742410565
27479,0.7
27481,0.769167317969
27483,0.5
27486,0.26
27498,0.2
27505,0.7
27507,0.533333333333
27509,0.625
27514,0.0933333333333
27527,0.75118727491
27535,0.4
27544,0.1
27545,0.3
27556,0.0
27563,0.0
27569,0.1
27585,0.6
27589,0.3
27605,0.2
27608,0.75118727491
27609,0.795
27611,0.5
27621,0.4
27626,0.75118727491
27629,0.25
27645,0.75118727491
27651,0.0
27654,0.9
27656,0.75118727491
27663,0.75118727491
27673,0.8
27677,0.6
27678,0.7
27680,0.0
27681,0.350936514143
27684,0.3
27688,0.1
27706,0.54
27709,0.8
27720,0.583333333333
27722,0.3
27733,0.8
27734,0.6
27739,0.866666666667
27746,0.350936514143
27751,0.739787734972
27755,0.6
27777,0.9
27783,0.733333333333
27795,0.125
27805,0.2
27811,0.2
27815,0.1
27823,0.6
27856,0.6
27873,0.425
27883,0.2
27885,0.75118727491
27887,0.85182159551
27899,0.15
27921,0.7
27924,0.1
27927,0.3
27929,0.1
27932,0.396666666667
27943,0.350936514143
27945,0.350936514143
27952,0.7
27957,1.0
27960,0.1
27966,0.2
27968,0.75118727491
27980,0.75118727491
27984,0.5
27994,0.5
27995,0.350936514143
28002,0.75118727491
28004,0.769167317969
28006,0.0
28028,0.6
28042,0.710673914149
28043,0.350936514143
28055,0.7
28061,0.350936514143
28063,1.0
28077,0.25
28090,0.710673914149
28093,0.7
28095,0.0
28096,0.8
28098,0.739787734972
28099,0.2
28111,0.1
28115,0.7
28123,0.075
28125,0.5
28126,0.75118727491
28129,0.75118727491
28131,0.0
28139,0.5
28146,0.9
28153,0.8
28155,0.7
28160,0.2
28166,0.64
28167,0.7
28176,0.7
28185,0.5
28187,0.75118727491
28195,0.75118727491
28203,0.9
28206,0.0833333333333
28209,0.3
28210,0.0
28211,0.566666666667
28216,0.0
28234,0.0
28235,0.75118727491
28248,0.0
28255,0.4
28266,0.0
28277,0.466666666667
28286,0.2
28288,0.8
28289,0.8
28290,0.0
28296,0.4
28300,1.0
28306,0.0
28307,0.1
28309,0.2
28327,0.8
28336,0.6
28345,0.5
28355,0.6
28361,0.533333333333
28362,0.133333333333
28374,0.7
28380,0.7
28381,0.8
28393,0.5
28394,0.5
28405,0.55
28413,0.2
28426,0.75118727491
28428,0.8
28429,0.75118727491
28442,0.0
28445,0.1
28457,0.983761062691
28459,0.6
28462,0.4
28478,0.5
28490,0.2
28492,0.2
28499,0.3
28500,0.525
28506,0.75118727491
28509,0.417857142857
28513,0.4
28516,0.3
28519,0.983761062691
28526,0.2
28527,0.0
28528,0.7
28533,0.0
28547,0.4
28551,0.3
28563,0.4
28566,0.3
28568,0.2
28580,0.1
28589,0.8
28590,0.75118727491
28606,0.6
28613,0.2
28615,0.1
28619,0.350936514143
28629,0.7
28633,0.85
28635,0.75118727491
28646,0.8
28648,0.4
28651,0.4
28660,0.75118727491
28681,0.350936514143
28693,0.4
28696,0.0
28703,0.7
28709,0.6
28712,0.710673914149
28718,0.5
28719,0.8
28727,0.1
28730,1.0
28732,0.75118727491
28740,0.7
28747,0.350936514143
28752,0.75118727491
28757,0.466666666667
28764,0.5
28765,0.1
28770,0.769167317969
28772,0.7
28783,0.1
28786,0.1
28796,0.41
28799,1.0
28806,1.0
28807,0.05
28815,0.9
28818,0.183333333333
28823,0.5
28824,0.7
28831,0.769167317969
28834,0.8
28841,0.4
28848,0.75118727491
28882,0.8
28884,0.3
28904,0.5
28907,0.0
28919,0.275
28920,0.3
28928,0.1
28935,0.1
28936,0.0
28945,0.6
28950,1.0
28957,0.769167317969
28963,0.1
28974,0.350936514143
28980,0.4
28988,0.7
28999,0.5
29001,0.8
29004,0.2
29006,0.0
29012,0.6
29018,0.350936514143
29027,0.1
29030,0.7
29032,0.2
29039,0.0
29043,0.350936514143
29056,0.8
29064,0.75118727491
29068,0.1
29069,0.566666666667
29074,0.3
29076,0.3
29085,0.7
29088,0.75118727491
29091,0.6
29092,0.8
29093,0.2
29094,0.4
29108,0.75118727491
29114,0.7
29115,0.0
29118,0.0
29125,0.0
29127,0.75118727491
29150,0.0
29152,0.4
29155,0.8
29165,0.4
29167,0.350936514143
29174,0.350936514143
29180,0.1
29185,0.6
29190,0.4
29192,0.983761062691
29194,0.0
29220,0.0
29231,1.0
29237,0.6
29240,0.9
29247,1.0
29256,0.2
29275,0.733333333333
29278,0.1
29280,0.8
29286,0.26
29288,0.6
29305,1.0
29327,0.350936514143
29329,0.6
29333,0.5
29335,0.5
29342,0.983761062691
29344,0.5
29353,0.666666666667
29358,0.0
29373,0.65
29392,0.350936514143
29393,0.7
29395,0.972742410565
29403,0.4
29405,1.0
29410,0.0
29423,0.3
29427,1.0
29429,0.7
29432,0.0
29440,0.825
29447,0.35
29448,0.2
29452,1.0
29455,0.2
29461,0.6
29466,1.0
29474,0.333333333333
29476,0.0
29486,0.7
29494,0.833333333333
29497,0.8
29505,0.7
29511,0.75118727491
29516,0.6933958272
29522,0.3
29523,0.0
29524,0.9
29529,0.3
29533,0.0
29535,0.0
29548,0.2
29551,0.8
29563,0.0
29574,0.2
29575,0.6
29592,0.2
29599,0.4
29608,0.8
29613,0.775
29620,0.825
29630,0.733333333333
29637,0.0
29638,0.8
29643,0.566666666667
29648,0.8
29657,0.1
29659,0.333333333333
29662,0.1
29665,0.05
29699,1.0
29706,0.7
29715,0.6
29716,0.3
29717,0.8
29721,0.7
29731,0.1
29735,0.0
29739,0.1
29742,0.4
29747,1.0
29749,0.1
29754,1.0
29773,0.6
29777,0.5
29779,0.225
29783,0.441666666667
29786,0.9
29805,1.0
29811,0.4
29812,0.5
29815,0.6
29819,0.2
29833,0.0
29847,0.7
29854,0.9
29856,0.3
29859,0.2
29864,0.2
29865,0.5
29867,0.466666666667
29885,0.3
29894,0.2
29900,0.7
29910,0.5
29928,0.3
29942,0.246666666667
29951,0.7
29953,0.0
29962,0.0
29968,0.633333333333
29974,0.7
29980,0.1
29987,0.9
29993,0.6
30001,0.9
30005,0.8
30015,0.6
30034,0.4
30041,0.0
30044,0.6
30058,0.2
30061,0.350936514143
30064,0.350936514143
30065,0.3
30069,0.5
30074,0.5
30076,0.4
30080,0.350936514143
30086,1.0
30087,0.7
30092,0.9
30093,0.75118727491
30096,0.0
30097,0.75118727491
30098,0.2
30102,0.75118727491
30106,0.2
30110,0.866666666667
30111,0.972742410565
30122,0.2
30128,0.0
30130,0.9
30131,0.0
30132,0.350936514143
30135,0.1
30137,0.739787734972
30157,0.75118727491
30158,0.5
30162,0.0
30170,0.75118727491
30174,0.6
30195,0.75118727491
30196,0.65
30204,0.0
30207,0.739787734972
30209,0.75118727491
30212,0.2
30221,0.8
30225,0.75118727491
30229,0.4
30231,0.25
30233,0.8
30237,0.39
30239,0.541666666667
30242,0.133333333333
30244,0.0
30249,0.25
30262,0.1
30286,0.4
30292,0.0
30303,0.8
30320,0.2
30322,0.5
30355,0.4
30356,0.3
30372,0.9
30375,0.1
30379,0.15
30384,0.3
30386,0.4
30394,0.54
30395,0.6
30396,0.0
30397,0.0
30402,0.3
30413,0.333333333333
30416,0.5
30420,0.2
30422,0.6
30432,0.0
30434,0.8
30438,0.216666666667
30444,0.1
30446,0.353348919394
30455,0.61
30457,0.65
30459,0.1
30463,0.350936514143
30468,0.15
30477,0.1
30478,0.6
30481,0.413333333333
30482,0.8
30487,0.266666666667
30491,0.4
30496,0.75118727491
30501,0.2
30506,0.1
30511,0.0
30513,0.1
30516,0.0
30520,0.2
30531,0.2
30542,0.739787734972
30555,0.6
30557,0.15
30568,0.5
30570,0.983761062691
30584,0.2
30594,0.75118727491
30614,0.323333333333
30617,0.3
30618,0.8
30631,0.5
30632,0.3
30634,1.0
30636,0.2
30637,0.2
30639,0.6
30647,0.65
30649,0.0
30656,0.2
30660,0.1
30665,0.7
30669,0.3
30681,0.353348919394
30683,0.1
30687,0.6
30694,0.353348919394
